name,rumah sakit onkologi,rsia pusura,rsu haji surabaya,rumah sakit universitas airlangga,rumah sakit darmo,rumah sakit jiwa menur provinsi jawa timur,rumah sakit khusus infeksi,ciputra hospital,rumah sakit katolik st. vincentius a paulo (rkz),rsia ferina surabaya,rumah sakit angkatan laut dr. ramelan,national hospital,rs dkt gubeng pojok,rumah sakit adi husada kapasan,rumah sakit surabaya medical center,rs mata undaan,rs ibu dan anak putri,rs manyar medical centre,rumah sakit adi husada undaan wetan,rumah sakit spesialis husada utama,rumah sakit pura raharja,siloam hospitals,rumah sakit mata undaan,rsia kendangsari merr,rsud dr.m.soewandhie,rumah sakit gotong royong,klinik estetika,rumah sakit mitra keluarga,rs kodam brawijaya,rumah sakit al irsyad,rumah sakit pku muhammadiyah surabaya,rumah sakit paru,rs orthopedi & traumatologi,rumah sakit marien,rumah sakit lombok dua dua,rumah sakit wijaya,rs marinir ewa pangalila,rumah sakit wiyung sejahtera,rumah sakit ibu dan anak ibi surabaya,rumah sakit upt vertikal surabaya,rsu bunda surabaya,rsia kendangsari,rumah sakit marinir ewa panggalila,rsud eka candrarini,rumah sakit royal surabaya,rsia graha medika,rumah sakit muji rahayu,rumah sakit islam surabaya,rsia cempaka putih permata,rsia lombok dua dua surabaya,rsu bhakti rahayu,rumah sakit mata masyarakat jawa timur,rsud dr. soetomo,rumah sakit william booth surabaya,rsau soemitro,rsud bhakti dharma husada,rumah sakit bhayangkara hs samsoeri mertojoso,waron hospital,rumah sakit islam darus syifa',rumah sakit islam jemursari surabaya,rumah sakit phc surabaya,rumah sakit mitra keluarga kenjeran,rs premier surabaya,mayapada hospital,rumah sakit universitas surabaya,rsgm nala husada,klinik gigi rkz,rs katolik vincentius a poli,klinik umum dan spesialis ciliwung 26,PT Mulya Husada Jaya
rumah sakit onkologi,0.0,8.815100000000001,2.0776999999999997,3.7324,8.9467,3.9215999999999998,3.754,20.398,8.512799999999999,6.4895,9.877799999999999,16.764599999999998,7.3763000000000005,9.533,6.6268,9.407,0.9336,3.2521999999999998,9.8542,7.5316,4.849399999999999,6.4082,9.472299999999999,5.4046,8.7784,4.1911000000000005,9.502799999999999,13.066,10.3463,12.136899999999999,11.932799999999999,11.4674,18.5461,14.9967,16.5054,15.2819,13.3073,15.9565,11.7755,11.9061,17.7321,8.742700000000001,13.1274,5.7471000000000005,11.1814,16.4741,16.3704,11.8742,14.1676,5.6861999999999995,12.507,12.5195,6.0935,8.5778,8.2349,20.8021,10.7675,5.373,22.1393,10.7815,14.3674,6.3286999999999995,6.2006000000000006,9.6822,5.6343000000000005,1.7372999999999998,8.9744,8.9274,8.856200000000001,9.057799999999999
rsia pusura,9.1074,0.0,7.7039,8.0382,4.4581,5.826,8.059800000000001,14.2597,4.0241,2.5471999999999997,6.948300000000001,10.6262,3.6904,5.8698999999999995,4.679399999999999,3.2167,8.479700000000001,6.3067,4.1277,4.0421,4.4829,2.4659,3.282,9.515600000000001,5.7452,11.3913,6.573300000000001,6.8582,6.7494,6.279100000000001,6.075,7.8043000000000005,12.4077,8.8583,10.367,10.7932,7.1689,11.4679,4.1531,4.2837,11.524299999999998,10.4191,6.989,12.537700000000001,10.5539,11.9855,10.162600000000001,8.9454,9.679,3.9996,8.1377,10.973700000000001,5.565300000000001,4.0892,4.652100000000001,14.5944,9.2217,6.2705,15.9315,10.1887,8.6647,9.825700000000001,9.5031,6.0853,10.392,9.7608,4.4858,4.4387,4.3675,10.1636
rsu haji surabaya,2.831,7.163600000000001,0.0,2.0809,7.2953,3.4879000000000002,2.1026,18.746599999999997,6.8613,4.838,9.4133,15.113100000000001,5.7249,7.8815,6.6107,7.7556,2.2033,3.6773000000000002,8.2028,5.8801000000000005,4.4157,4.7568,7.8209,3.7531999999999996,7.1269,4.990399999999999,9.0383,11.4145,8.6949,10.4854,10.2813,9.816,16.894599999999997,13.3452,14.8539,13.6304,11.6558,14.3051,10.124,10.2546,16.0807,8.6428,11.4759,6.546399999999999,13.0182,14.822700000000001,14.7189,11.4097,12.516200000000001,4.0347,12.0425,13.438,4.442,6.926399999999999,6.583399999999999,19.1507,11.686,3.7215,20.4878,12.653,12.7159,4.6773,6.8904,8.0307,6.4336,3.4844,7.323,7.2759,7.2047,8.957799999999999
rumah sakit universitas airlangga,3.8286,8.6577,2.4251,0.0,8.789299999999999,4.9818999999999996,0.3594,20.240599999999997,8.3553,6.332,10.9073,16.6071,5.601100000000001,7.0122,8.104800000000001,6.4387,3.2009000000000003,5.1713000000000005,8.188600000000001,5.998,5.9097,6.2508,6.504,2.8838000000000004,6.2576,5.988,10.5323,12.9085,10.1889,9.616100000000001,9.412,8.9467,18.3886,14.8392,16.3479,15.1244,13.149799999999999,15.799100000000001,10.1099,10.2405,17.5747,10.1368,12.969899999999999,7.544,14.5122,16.3167,16.2129,12.9037,14.010200000000001,5.5288,13.5365,14.9321,4.5599,8.420399999999999,8.077399999999999,20.6447,13.18,2.8522,21.9818,14.147,11.8466,3.8079,7.9975,9.524700000000001,7.4312,4.482,8.817,8.7699,8.6987,10.4519
rumah sakit darmo,7.624,2.9957,7.2508,8.3288,0.0,4.3449,8.3505,14.0953,1.342,2.9536,3.8803,10.4619,3.8404000000000003,7.073,1.3618,4.0789,6.9963,4.9861,4.9898,5.1754,3.3327,2.8723,4.1442,10.7188,6.948300000000001,8.3234,3.5053,7.7826,4.0436,7.3936,7.1896,9.0075,12.2433,8.694,10.2027,8.087399999999999,7.0046,8.7621,6.2692,6.3998,12.4487,7.351100000000001,6.8247,9.469700000000001,7.4859,9.2797,11.087,5.8774,6.973199999999999,2.7038,5.7935,7.9056999999999995,6.6985,1.3834000000000002,1.3345,15.518799999999999,6.1537,7.4037,16.855900000000002,7.1207,10.7808,11.0289,6.4351,3.3795,7.324,8.2774,1.78,1.7329,1.6617,7.0956
rumah sakit jiwa menur provinsi jawa timur,3.7334,5.4937,3.471,4.5491,5.6253,0.0,4.5706999999999995,17.0766,5.1914,3.1681,6.2741999999999996,13.443200000000001,4.0549,7.2876,3.8589,6.0857,3.1056999999999997,1.0955,6.5328,4.2218,1.2944,3.0868,6.1509,6.2213,7.1629,6.15,5.8991999999999996,9.7446,7.0249,8.8505,8.6464,9.222,15.2247,11.6753,13.184,11.9605,9.985899999999999,12.6351,8.4541,8.584700000000002,14.4107,6.061,9.806,7.3431999999999995,8.499600000000001,13.1528,13.049,8.2706,10.2766,2.3648000000000002,8.3917,10.299,2.7836999999999996,5.256399999999999,4.0576,17.4808,8.547,5.0823,18.8179,8.0997,12.122,7.1453999999999995,4.3086,6.3608,5.1975,4.3868,5.653,5.606,5.534800000000001,6.376
rumah sakit khusus infeksi,3.9132,8.7422,2.5096999999999996,0.2559,8.8738,5.0665,0.0,20.3251,8.4399,6.416600000000001,10.9919,16.6917,5.6857,7.0967,8.1893,6.5233,3.2854,5.2559,8.273200000000001,6.0826,5.9943,6.3354,6.5886000000000005,2.9684,6.3421,6.0726,10.6169,12.9931,10.2735,9.700700000000001,9.4966,9.0312,18.473200000000002,14.9238,16.4325,15.209,13.234399999999999,15.883700000000001,10.1944,10.3251,17.659200000000002,10.2213,13.0545,7.6286000000000005,14.5968,16.4013,16.2975,12.988299999999999,14.0948,5.613300000000001,13.6211,15.0166,4.6445,8.5049,8.162,20.7293,13.2646,2.9368000000000003,22.0664,14.2316,11.9312,3.8925,8.0821,9.6093,7.5158000000000005,4.5666,8.9016,8.8545,8.783299999999999,10.5364
ciputra hospital,19.7664,14.4133,20.4142,21.4923,13.2828,16.487299999999998,21.513900000000003,0.0,12.9487,16.117,15.386700000000001,7.2315,17.0039,20.2365,13.5042,15.8194,19.1386,17.1285,16.730400000000003,18.4582,15.475100000000001,16.0358,15.8847,23.8822,20.1118,19.8297,15.0116,8.904,13.084200000000001,18.881700000000002,18.6777,20.341,4.5246,7.218100000000001,4.2679,9.9815,11.6395,9.670399999999999,16.683,16.886400000000002,7.3532,18.8575,11.4596,20.976,18.9922,10.6403,9.418700000000001,17.3837,15.5901,15.8672,14.0488,19.4121,19.3342,13.5719,13.481,6.0965,17.6601,20.6866,9.905899999999999,18.627,19.7297,24.192400000000003,17.9415,11.3988,18.8304,20.4198,12.481399999999999,12.8369,12.5997,18.602
rumah sakit katolik st. vincentius a paulo (rkz),7.1772,4.2267,7.825,8.9031,0.6937000000000001,3.8981999999999997,8.924700000000001,13.036700000000002,0.0,3.5278,3.1839,9.4033,4.4147,7.6473,0.915,5.6328000000000005,6.5495,4.5393,6.5438,5.869,2.886,3.4466,5.6981,11.2931,7.522600000000001,7.627,2.8089,7.0359,2.009,8.6951,8.491100000000001,9.5818,11.184700000000001,7.6354,9.1441,6.4123,5.9459,7.087,6.4103,6.6998,11.7021,6.6547,5.766,8.773299999999999,6.7895,7.6046000000000005,10.340399999999999,5.181,5.298100000000001,3.2781,3.7568,7.2093,6.745,0.32480000000000003,0.8877,14.7721,5.4573,8.8991,16.109299999999998,6.424300000000001,12.197899999999999,11.603200000000001,5.7387,2.3209,6.6276,7.8306000000000004,0.7213999999999999,0.6742999999999999,0.6031,6.3991999999999996
rsia ferina surabaya,6.8213,3.4835,5.417800000000001,6.4959,3.5921999999999996,3.5398,6.5175,15.0435,3.1583,0.0,5.4262,11.4101,2.0074,5.2401,2.9076999999999997,4.0382,6.1935,4.0205,4.4853000000000005,3.9276999999999997,2.8015,0.1085,4.1034,8.8858,5.115399999999999,8.9807,5.0512,7.7344,4.9918000000000005,6.803,6.5988999999999995,7.1745,13.1915,9.6422,11.150799999999998,9.927299999999999,7.9527,10.602,6.4066,6.5371999999999995,12.4005,8.897,7.7728,10.2682,9.0317,11.1196,11.038799999999998,7.4233,8.8131,1.7135,7.3393999999999995,9.451600000000001,4.3378000000000005,3.2233,2.8804000000000003,15.4705,7.6996,6.156,16.8077,8.6665,10.0745,9.196,7.2336,4.3277,8.1225,7.474600000000001,3.6199,3.5729,3.5016,8.6415
rumah sakit angkatan laut dr. ramelan,8.4335,7.6357,8.4428,12.370700000000001,4.64,7.3656999999999995,12.392299999999999,16.7649,4.514399999999999,6.9954,0.0,13.1315,7.8822,11.1149,4.8613,9.9129,7.8058000000000005,5.675,10.360100000000001,10.1383,6.3535,6.9141,9.978200000000001,14.7606,10.990200000000002,6.3918,0.9272,11.334700000000002,6.7132,12.6778,12.473700000000001,13.049299999999999,14.913,11.3636,12.8723,7.6004,5.5513,8.275,10.709,10.9986,16.000899999999998,4.6963,6.0804,7.5381,4.8311,8.7926,14.639100000000001,2.8756,6.133100000000001,6.7456000000000005,3.8796999999999997,5.2509,10.2126,5.1376,4.8382,19.0709,3.4989,12.366700000000002,20.408,4.4658999999999995,16.4967,15.0707,4.5036000000000005,6.0491,5.3925,9.0869,4.4496,4.4025,4.331300000000001,4.4408
national hospital,16.4366,11.0836,17.084400000000002,18.1625,9.953100000000001,13.1576,18.1842,7.0435,9.6189,12.7873,12.056899999999999,0.0,13.674100000000001,16.9067,10.1744,12.489600000000001,15.8089,13.7988,13.4006,15.1285,12.1454,12.706,12.5549,20.5525,16.782,16.5,11.681899999999999,5.5743,8.914200000000001,15.552,15.3479,17.0113,2.7468000000000004,3.8883,3.1509,3.4482,7.7151000000000005,3.1370999999999998,13.353299999999999,13.556700000000001,11.3051,15.527700000000001,8.1299,17.6463,15.6625,4.1068999999999996,9.9434,9.101299999999998,9.332,12.5375,7.7907,9.7736,16.0044,10.2422,10.151299999999999,10.166799999999999,14.3303,17.3568,13.9762,15.2973,16.399900000000002,20.862599999999997,14.6117,8.069,15.5006,17.09,9.1517,9.507100000000001,9.2699,15.272200000000002
rs dkt gubeng pojok,7.3908000000000005,3.6586999999999996,5.9873,7.0653999999999995,5.2417,4.1094,7.0871,16.693,4.8078,2.7845,7.3597,13.0596,0.0,3.2325999999999997,4.5572,2.0307,6.7631000000000006,4.5901000000000005,2.4779,2.9565,3.8186999999999998,2.7032,2.096,6.8784,3.1079,9.5502,6.9847,9.360899999999999,6.6413,4.7955,4.5915,5.1671000000000005,14.841,11.2917,12.8003,11.576799999999999,9.6022,12.2515,4.399100000000001,4.5298,14.0271,10.8299,9.4223,10.8377,10.9646,12.7691,12.6654,9.3561,10.4626,2.283,9.9889,11.3845,4.4797,4.8728,4.5299,17.097099999999998,9.6325,5.1849,18.4343,10.5994,8.067,7.1885,7.8031999999999995,5.9772,8.6921,8.0442,5.269399999999999,5.2223999999999995,5.1511000000000005,10.574399999999999
rumah sakit adi husada kapasan,9.5133,6.416,8.1098,6.8315,7.9989,6.8666,6.8532,19.450200000000002,7.565,5.5417,10.117,15.816799999999999,4.8179,0.0,7.3144,2.9414000000000002,8.8856,7.347300000000001,2.0871999999999997,4.7125,6.576,5.4605,3.0067,4.5232,1.5680999999999998,11.6727,9.7419,10.9229,9.3985,3.1799,2.9758,2.8119,17.5983,14.0489,15.5576,14.334100000000001,12.3595,15.008700000000001,4.0085,4.1391,14.8816,13.5871,12.1796,13.2287,13.7219,15.526399999999999,13.5198,12.1134,13.219899999999999,5.0403,12.7462,14.1417,5.7355,7.63,7.287100000000001,17.9516,12.389700000000001,6.4407,19.288700000000002,13.3567,5.7119,4.833399999999999,10.5604,8.734399999999999,11.4493,10.1667,8.0266,7.9796000000000005,7.908399999999999,13.3316
rumah sakit surabaya medical center,7.025399999999999,4.7546,7.6732,8.751299999999999,1.1685,3.7463,8.7729,13.4967,0.7434,3.376,3.2817,9.863299999999999,4.262899999999999,7.4955,0.0,6.2936000000000005,6.397600000000001,4.3875,6.7406999999999995,6.5188999999999995,2.7340999999999998,3.2948000000000004,6.3588000000000005,11.141200000000001,7.3708,7.7246999999999995,2.9067,7.5638000000000005,3.445,9.058399999999999,8.854299999999999,9.43,11.6447,8.0954,9.6041,7.4888,6.4059,8.1635,6.9381,7.2277,12.229899999999999,6.7525,6.226,8.8711,6.8873,8.6811,10.8682,5.2788,6.3746,3.1262,5.1949,7.3071,6.5931999999999995,0.7847999999999999,0.7359,15.3,5.5551,8.7473,16.6371,6.5221,12.7258,11.4514,5.8365,2.7809,6.7254,7.6788,1.1814,1.1342999999999999,1.0631,6.497
rs mata undaan,10.3354,5.890899999999999,8.932,8.729700000000001,8.237,7.054,8.751299999999999,19.6393,7.803100000000001,5.729100000000001,10.3044,16.0059,3.6094,2.7756,7.5018,0.0,9.7077,7.5347,1.0209,3.9611,6.7634,5.6478,0.0653,6.4213000000000005,3.4661999999999997,12.4949,9.9293,9.9274,9.585899999999999,3.4246999999999996,3.2206,4.710100000000001,17.7873,14.238,15.7467,16.1783,10.947899999999999,16.853,3.013,3.1435999999999997,13.8861,13.7745,10.768,13.782399999999999,13.9093,17.3706,12.5244,12.300799999999999,13.4579,5.2277,12.9336,14.3291,5.4841999999999995,7.8681,7.4745,16.9561,12.5771,6.1894,18.2933,13.5441,7.5246,6.7315,10.7478,8.9218,11.636700000000001,10.9888,8.264700000000001,8.2177,8.1464,13.519
rs ibu dan anak putri,0.8585,8.1122,1.3748,3.0295,8.243799999999998,3.2186999999999997,3.0511999999999997,19.6951,7.8099,5.7866,9.1749,16.061700000000002,6.6735,8.8301,5.9239,8.7042,0.0,2.5493,9.151299999999999,6.8286999999999995,4.1466,5.7054,8.7694,4.7017,8.0755,3.4882,8.7999,12.363100000000001,9.6434,11.434,11.229899999999999,10.7646,17.8432,14.2938,15.8025,14.579,12.6044,15.2537,11.0726,11.2032,17.0292,8.0398,12.4245,5.0442,10.4785,15.7713,15.6675,11.171299999999999,13.464799999999999,4.9833,11.8041,11.816600000000001,5.3906,7.874899999999999,7.532,20.0993,10.0646,4.670100000000001,21.436400000000003,10.0786,13.6645,5.6258,5.4977,8.979299999999999,4.9314,1.5119,8.2715,8.2245,8.1533,8.354899999999999
rs manyar medical centre,5.5638000000000005,7.5415,5.5732,6.9014,5.9345,3.0063,6.923,18.0595,4.982600000000001,5.5203999999999995,5.8102,14.426,6.4073,9.639899999999999,4.2737,8.438,4.936100000000001,0.0,8.8851,6.5741000000000005,3.7977,5.4392,8.503200000000001,8.5736,9.5152,5.0873,5.4352,11.792399999999999,8.0078,11.2028,10.998700000000001,11.574399999999999,16.2075,12.658100000000001,14.166799999999999,11.8001,10.9687,12.4748,10.8064,10.937,16.4585,4.9982,10.788799999999998,6.280399999999999,7.4369,12.9924,15.0968,7.8067,10.3243,4.7171,8.4395,8.775,5.136,5.023899999999999,4.4723999999999995,19.5285,7.0229,7.4346000000000005,20.8657,7.037,14.4743,9.4977,3.2459000000000002,7.3436,4.1348,6.2172,5.7441,5.697100000000001,5.6258,5.3133
rumah sakit adi husada undaan wetan,9.333,5.600899999999999,7.9295,6.9547,7.1838999999999995,6.0516000000000005,6.9763,18.6352,6.749899999999999,4.7267,9.3019,15.0018,2.607,2.3091999999999997,6.4994,0.8727,8.7053,6.5323,0.0,2.9586,5.7608999999999995,4.6453999999999995,0.9379,5.955,2.1845,11.4924,8.9269,10.690100000000001,8.5835,4.187399999999999,3.9833000000000003,4.2437,16.7832,13.233799999999999,14.7425,13.519,11.5444,14.193700000000002,3.7756999999999996,3.9063000000000003,14.6488,12.7721,11.3645,12.7799,12.906799999999999,14.7113,13.2871,11.2983,12.4048,4.2252,11.9311,13.3267,4.4818,6.815,6.4721,17.718799999999998,11.5747,5.187,19.056,12.5416,7.1436,6.2651,9.7454,7.9193999999999996,10.6343,9.9864,7.211600000000001,7.1645,7.0933,12.5166
rumah sakit spesialis husada utama,6.8078,4.703600000000001,5.4043,4.8568,6.347,3.8438000000000003,4.8785,17.798299999999998,5.9131,3.8898,8.465,14.1649,1.8642999999999998,5.0969,5.6625,3.895,6.1801,4.0333000000000006,4.3422,0.0,3.9508,3.8085,3.9603,6.529100000000001,4.9722,8.9672,8.09,10.4662,7.7466,6.659800000000001,6.4558,7.0314,15.946299999999999,12.397,13.9056,12.6821,10.7075,13.3568,6.2634,6.394100000000001,15.1324,11.9352,10.5276,10.281,12.0699,13.8744,13.770700000000001,10.4614,11.5679,3.3883,11.0942,12.489799999999999,2.3839,5.9781,5.6352,18.2024,10.7378,3.0890999999999997,19.5396,11.7047,9.931299999999998,6.5524,7.2463999999999995,7.0825,8.1353,7.4612,6.3747,6.3277,6.256399999999999,11.6797
rumah sakit pura raharja,4.5921,4.3078,4.8466000000000005,5.9247,4.4394,1.2953,5.9463,15.8907,4.0055,2.5016,5.1373,12.257299999999999,3.3884000000000003,6.6211,3.5284,5.4191,3.9643,1.9542,5.8663,3.6489000000000003,0.0,2.4203,5.4844,7.5969,6.4963999999999995,6.9514,4.7622,8.5587,5.839,8.184,7.9799,8.5555,14.038799999999998,10.4894,11.9981,11.1272,8.8,11.8018,7.7876,7.9182,13.2248,8.6074,8.6201,8.1446,8.7422,12.3194,11.863100000000001,7.1337,9.651399999999999,1.6983,7.7665,9.162,3.1609000000000003,4.0705,3.7271,16.2949,7.41,4.5524,17.632,8.377,11.4555,8.521,5.1101,5.1749,5.999,5.2454,4.4671,4.420100000000001,4.3488999999999995,8.351899999999999
siloam hospitals,6.7127,3.4021999999999997,5.3093,6.3873999999999995,3.5109,3.4313000000000002,6.409,14.962200000000001,3.077,0.1085,5.3449,11.3288,1.8989,5.131600000000001,2.8264,3.9295999999999998,6.085,3.912,4.3768,3.8465,2.7203000000000004,0.0,3.9949,8.777299999999999,5.0069,8.872200000000001,4.9699,7.6531,4.9105,6.6945,6.490399999999999,7.066,13.110299999999999,9.5609,11.069600000000001,9.8461,7.8715,10.520700000000001,6.298,6.4287,12.3193,8.815700000000001,7.6916,10.159600000000001,8.9505,11.0384,10.9575,7.342,8.7319,1.605,7.258100000000001,9.3704,4.2293,3.142,2.7990999999999997,15.389299999999999,7.6183000000000005,6.0748,16.7264,8.5853,9.966,9.087399999999999,7.125100000000001,4.2463999999999995,8.014,7.3661,3.5385999999999997,3.4916,3.4204,8.5603
rumah sakit mata undaan,10.4007,5.9562,8.9973,8.7949,8.302299999999999,7.1193,8.816600000000001,19.7046,7.8683000000000005,5.7943999999999996,10.3696,16.0712,3.6746999999999996,2.8409,7.5671,0.0653,9.773,7.6,1.0862,4.0264,6.8286999999999995,5.713100000000001,0.0,6.4866,3.5315,12.5601,9.9946,9.992700000000001,9.651200000000001,3.49,3.2859000000000003,4.7753000000000005,17.8526,14.3033,15.812,16.2436,11.0131,16.918200000000002,3.0783,3.2089000000000003,13.9514,13.839799999999999,10.833200000000001,13.8476,13.9745,17.4358,12.5897,12.366,13.523200000000001,5.2928999999999995,12.998899999999999,14.3944,5.5495,7.9334,7.5398000000000005,17.0214,12.6424,6.2547,18.3585,13.6093,7.5898,6.7968,10.8131,8.9871,11.702,11.0541,8.33,8.2829,8.2117,13.584299999999999
rsia kendangsari merr,5.6756,9.6361,4.2721,2.9939,11.219100000000001,6.8289,3.0155,22.6704,10.7851,8.7618,13.3371,19.036900000000003,8.038,4.1309,10.534600000000001,6.1615,5.047899999999999,7.0183,5.3073999999999995,5.9923,9.796100000000001,8.6806,6.2268,0.0,3.3763,7.835,12.9621,14.143,12.6187,6.7348,6.5306999999999995,6.0653999999999995,20.8184,17.269,18.7777,17.5542,15.579600000000001,18.228900000000003,7.2286,7.3591999999999995,18.1017,16.807299999999998,15.399700000000001,9.391,16.942,18.7465,16.74,15.3335,16.44,8.260399999999999,15.966299999999999,17.361900000000002,5.409,10.850200000000001,10.507200000000001,21.1717,15.6098,3.2114000000000003,22.5089,16.5768,8.9653,1.6044,9.8445,11.954600000000001,9.2782,6.329,11.246799999999999,11.1997,11.1285,16.5518
rsud dr.m.soewandhie,8.768799999999999,6.0178,7.3653,6.087,7.6007,5.9105,6.1087,19.052,7.1668,5.1435,9.7188,15.4186,3.4094,1.5455999999999999,6.9162,2.8352,8.141,6.0999,2.7220999999999997,2.7687,6.1778,5.0623000000000005,2.9005,3.7786999999999997,0.0,10.9282,9.3438,11.72,9.000399999999999,4.1495,3.9454000000000002,3.4800999999999997,17.2001,13.6507,15.1594,13.9359,11.9613,14.6106,4.6433,4.773899999999999,15.516399999999999,13.1889,11.7814,12.484200000000001,13.3237,15.128200000000001,14.1547,11.715200000000001,12.8217,4.6421,12.348,13.7435,4.4506000000000006,7.2318,6.8889,18.5864,11.9915,5.1558,19.923599999999997,12.9585,6.38,4.0888,9.3131,8.336200000000002,10.202,9.4222,7.6284,7.5813999999999995,7.5102,12.933399999999999
rumah sakit gotong royong,4.2353000000000005,10.7503,4.2446,5.8993,9.1433,6.2151000000000005,5.9209,21.2682,8.1913,8.6564,8.6405,17.6348,9.5432,11.6998,7.4825,11.5739,3.6075,5.8547,12.0211,9.6984,7.0065,8.5751,11.6392,7.5715,10.945200000000002,0.0,8.2655,15.001100000000001,11.2165,14.303799999999999,14.0997,13.6343,19.4163,15.8669,17.3756,14.6304,14.1775,15.3051,13.9423,14.073,19.6673,7.7745,13.9976,4.778899999999999,10.2132,15.822700000000001,18.3056,10.637,13.1546,7.8531,11.2698,11.5513,8.260299999999999,8.2326,7.6812,22.737299999999998,9.799299999999999,7.539899999999999,24.0745,9.8133,16.534299999999998,8.4956,2.7938,10.5524,4.6661,4.8887,8.9529,8.9058,8.8346,8.0896
klinik estetika,8.1972,7.7251,8.2065,9.6941,4.7294,5.7991,9.7157,16.8543,4.6037,7.0848,0.3949,13.2209,7.9716000000000005,11.2042,4.950699999999999,10.0023,7.5695,5.4387,10.4495,10.2277,6.4429,7.0035,10.0676,14.85,11.0795,6.1555,0.0,11.424100000000001,6.8026,12.767100000000001,12.5631,13.1387,15.0023,11.453,12.9617,7.6898,5.6407,8.3644,10.798399999999999,11.088,16.0903,4.785699999999999,6.1698,7.3018,4.9205,8.882,14.7285,2.965,6.2225,6.835,3.9691,5.3403,10.302,5.227,4.9276,19.1603,3.5883000000000003,12.456,20.497400000000003,4.5553,16.5861,15.1601,4.2672,6.1385,5.1561,8.8506,4.539,4.491899999999999,4.4207,4.5302
rumah sakit mitra keluarga,13.2915,6.7199,11.888,12.9661,7.176399999999999,10.01,12.9877,9.2746,6.7425,7.5908,9.6667,5.6411999999999995,8.4776,11.7103,7.3978,8.126,12.6637,10.4907,9.037,10.2279,8.5442,7.509600000000001,8.1913,15.356,11.585600000000001,14.1097,9.2917,0.0,9.467799999999999,13.5326,13.3286,11.934700000000001,7.4226,3.3550999999999997,5.3819,8.391200000000001,8.1197,8.0801,8.2767,9.193100000000001,6.2285,13.1375,7.9399,15.256,13.272200000000002,9.0499,4.8668000000000005,11.6637,12.0703,7.341,10.529,13.6921,10.808,6.8075,7.3705,9.2986,11.940100000000001,12.4562,10.6357,12.907,11.3233,15.6662,12.2215,7.879,13.1104,13.944799999999999,7.2041,7.157100000000001,7.0858,12.882
rs kodam brawijaya,9.6623,6.1745,10.3102,11.388200000000001,3.1788000000000003,6.3833,11.4099,12.5968,3.0532,6.013,4.495100000000001,8.9634,6.8998,10.1324,3.4002,8.4704,9.034600000000001,7.0245,9.3814,8.3542,5.3711,5.9317,8.5357,13.7782,10.007700000000002,8.9382,4.120100000000001,9.8735,0.0,11.5327,11.328700000000001,12.0669,10.7448,7.1955,8.7041,5.6123,3.5631999999999997,6.286899999999999,9.2479,9.5374,14.5397,7.9658999999999995,4.0923,10.0845,8.1007,6.8045,13.178,6.4921999999999995,4.498,5.763199999999999,2.9566999999999997,8.5205,9.2302,3.6764,3.377,17.6097,6.7685,10.5825,18.9468,7.7355,15.0355,14.088299999999998,7.05,1.881,7.9388000000000005,10.315700000000001,2.0014000000000003,2.9414000000000002,2.1197,7.7104
rumah sakit al irsyad,12.196200000000001,9.607899999999999,10.7928,9.5145,11.5555,9.567,9.536100000000001,21.354,11.1216,8.242,12.8173,17.7205,7.5182,3.6111,10.0148,5.6418,11.5685,10.0477,4.7876,7.4128,9.276299999999999,8.1608,5.707,7.2062,4.251,14.3557,12.4423,11.642100000000001,12.0989,0.0,2.7003000000000004,1.3065,19.502,15.9526,17.461299999999998,17.8929,15.6154,18.5676,6.7652,5.6309,14.9424,16.2875,15.4356,16.2953,16.4222,19.0852,13.5807,14.8137,16.776400000000002,7.740600000000001,15.4465,16.8421,8.4359,11.1866,9.9874,18.012400000000003,15.0901,9.1411,19.3495,16.057,2.9151,7.5163,13.2608,11.4348,14.149700000000001,12.8496,11.583200000000001,11.536200000000001,11.4649,16.032
rumah sakit pku muhammadiyah surabaya,12.311200000000001,9.7229,10.9077,9.6294,11.6705,9.681899999999999,9.6511,21.4689,11.2365,8.357,12.9323,17.8355,7.6331999999999995,3.7260999999999997,10.129700000000001,5.7566999999999995,11.6835,10.162600000000001,4.9025,7.5278,9.3913,8.275799999999998,5.822,7.3211,4.366,14.470600000000001,12.5573,11.757,12.213799999999999,0.2041,0.0,1.4214,19.617,16.0676,17.5763,18.007900000000003,15.7304,18.682599999999997,6.880199999999999,5.7458,15.0573,16.4024,15.5505,16.4103,16.537200000000002,19.200200000000002,13.6956,14.928700000000001,16.8914,7.855600000000001,15.5615,16.957,8.5509,11.3016,10.1024,18.1274,15.205,9.256,19.4645,16.172,3.0301,7.6312,13.3757,11.549700000000001,14.2646,12.9646,11.6982,11.6511,11.5799,16.1469
rumah sakit paru,11.4031,8.3232,9.9997,8.7214,9.9062,8.7739,8.743,21.892799999999998,9.4722,7.4489,12.0242,18.259400000000003,6.7251,2.818,9.2217,4.8487,10.7754,9.2546,3.9945,6.6197,8.4832,7.3677,4.9139,6.4131,3.4579,13.5626,11.6492,12.1809,11.3058,2.1113000000000004,1.9072,0.0,20.0408,16.4915,18.0002,18.4318,16.1543,19.1064,5.9157,6.1697,15.481200000000001,15.494399999999999,15.9744,15.5022,15.629100000000001,19.624,14.1195,14.0206,15.1271,6.9475,14.6534,16.049,7.6428,9.5373,9.1943,18.5512,14.297,8.348,19.8884,15.2639,3.454,6.723199999999999,12.4677,10.6417,13.3566,12.0565,9.9339,9.8868,9.8156,15.2389
rs orthopedi & traumatologi,17.4922,12.1392,18.14,19.2181,11.008700000000001,14.2132,19.2398,5.0729,10.6745,13.8429,13.1125,2.8251,14.729700000000001,17.9623,11.23,13.545200000000001,16.8645,14.8544,14.4562,16.1841,13.201,13.7616,13.6105,21.6081,17.8376,17.5555,12.7375,6.629899999999999,10.8101,16.607599999999998,16.4035,18.0669,0.0,4.943899999999999,4.6987,4.6161,9.3654,4.305,14.4089,14.6123,9.4528,16.583299999999998,9.1855,18.701900000000002,16.7181,5.2749,10.999,10.269200000000001,10.5,13.5931,8.9587,10.9415,17.06,11.297799999999999,11.2069,8.196200000000001,15.3859,18.4124,12.005600000000001,16.352899999999998,17.4555,21.918200000000002,15.6673,9.124600000000001,16.5562,18.145599999999998,10.2073,10.562700000000001,10.3255,16.3278
rumah sakit marien,14.184299999999999,8.831299999999999,14.8322,15.910200000000001,7.7008,10.905299999999999,15.931899999999999,7.7453,7.3666,10.535,9.8046,4.1118999999999994,11.4218,14.654399999999999,7.9222,10.2374,13.5566,11.5465,11.148299999999999,12.8762,9.8931,10.453700000000001,10.3026,18.3002,14.5297,14.2477,9.4296,3.322,7.5022,13.299700000000001,13.095600000000001,14.759,5.8934,0.0,3.8527,6.8618999999999994,6.0575,6.550800000000001,11.101,11.3044,9.0528,13.2754,5.8776,15.394,13.410200000000001,7.5207,7.6911000000000005,11.8017,10.008,10.285200000000001,8.466700000000001,13.83,13.7522,7.9899,7.899,12.1228,12.078,15.1045,13.46,13.045,14.1476,18.6103,12.3595,5.8167,13.248299999999999,14.8377,6.8994,7.2548,7.017600000000001,13.0199
rumah sakit lombok dua dua,15.539299999999999,10.186200000000001,16.1871,17.2652,9.0558,12.260299999999999,17.286900000000003,4.2997,8.7216,11.889899999999999,11.159600000000001,3.0044,12.7768,16.0094,9.2771,11.5923,14.9116,12.901399999999999,12.5033,14.231200000000001,11.2481,11.8087,11.6576,19.6552,15.8847,15.6026,10.784600000000001,4.677,8.8572,14.6547,14.4506,16.114,4.0103,2.991,0.0,5.7543999999999995,7.4125,5.4433,12.4559,12.6594,10.4078,14.6304,7.232600000000001,16.749,14.7652,6.4132,9.046100000000001,13.1567,11.363,11.6402,9.8217,15.185,15.1071,9.344899999999999,9.254,7.423,13.433,16.4595,11.2324,14.4,15.502600000000001,19.9653,13.7144,7.1716999999999995,14.603299999999999,16.192700000000002,8.254299999999999,8.6098,8.3726,14.3749
rumah sakit wijaya,13.4903,10.0024,14.1381,15.2162,7.0068,10.2113,15.2378,10.6476,6.8811,9.8409,8.3231,4.602399999999999,10.727799999999998,13.9604,7.2281,12.298399999999999,12.8626,10.8524,13.209299999999999,12.1821,9.1991,9.7597,12.3636,17.6062,13.835700000000001,12.7661,7.9481,9.1783,5.4932,19.796799999999998,19.5927,18.198900000000002,5.7457,7.4924,6.754899999999999,0.0,4.2941,1.7815,14.540899999999999,15.7291,17.0119,13.7966,4.8232,13.9125,13.9314,2.2990999999999997,15.6502,5.6803,5.9111,9.5912,4.369800000000001,6.3527,13.0581,7.5043999999999995,7.205,13.7708,12.0581,14.4105,21.4191,13.5662,17.5875,17.9163,10.8779,9.0411,11.7668,14.1437,6.8164,6.7693,6.6981,13.5412
rs marinir ewa pangalila,11.545399999999999,7.6265,12.193299999999999,13.2713,5.0619,8.266399999999999,13.293,10.7225,4.9363,7.896100000000001,6.3782,7.0891,8.7829,12.0155,5.2833000000000006,9.0326,10.9177,8.9076,9.9435,10.2373,7.2542,7.8148,9.0979,15.661299999999999,11.8909,10.821299999999999,6.0032,6.4931,3.5484,12.094899999999999,11.8909,15.8755,8.8705,5.3212,6.829899999999999,4.0478000000000005,0.0,4.7225,12.2174,10.0996,12.244299999999999,9.849,0.5541,11.967600000000001,9.983799999999999,5.2401,10.8825,3.7355,3.9661999999999997,7.6463,2.4249,4.4078,11.113299999999999,5.5595,5.2601,13.845799999999999,8.6516,12.4656,16.651400000000002,9.6186,15.264100000000001,15.9714,8.9331,4.612,9.822,12.198799999999999,5.6946,4.8245,4.7532,9.5936
rumah sakit wiyung sejahtera,14.0003,10.5124,14.648100000000001,15.7262,7.5167,10.721200000000001,15.7478,9.5445,7.391100000000001,10.3509,8.8331,3.4993000000000003,11.2378,14.4704,7.7381,12.8083,13.3726,11.3624,13.719299999999999,12.6921,9.709,10.2697,12.8736,18.1162,14.3457,13.2761,8.4581,8.0752,6.0032,20.3068,20.102700000000002,18.7089,4.6425,6.3893,5.651800000000001,0.5372,4.8041,0.0,15.050799999999999,16.2391,13.806,14.3066,5.3332,14.4225,14.4414,1.196,12.4443,6.190300000000001,6.4211,10.1011,4.8798,6.8626000000000005,13.568100000000001,8.0144,7.715,12.6677,12.568100000000001,14.9205,16.4771,14.0762,18.0975,18.426299999999998,11.3879,9.5511,12.2768,14.6537,7.3263,7.2793,7.2081,14.0511
rumah sakit ibu dan anak ibi surabaya,12.8937,5.3281,11.490200000000002,10.6096,7.2757,9.612200000000001,10.6313,16.6387,6.8418,7.503100000000001,9.766,13.0053,6.2619,5.9918000000000005,7.4971000000000005,4.511699999999999,12.266,9.786100000000001,5.4227,6.6136,8.4565,7.4218,4.577,10.8231,7.868,14.209,9.3909,6.9268,9.5671,6.2441,6.040100000000001,7.7718,14.7868,11.2374,12.7461,13.177700000000002,10.9002,13.8524,0.0,4.2488,10.8855,13.236799999999999,10.7203,15.3553,13.3715,14.37,9.5238,11.763,12.4966,7.2533,10.9553,13.7914,8.1367,6.9068000000000005,7.4697,13.9555,12.039399999999999,8.841899999999999,15.2927,13.0063,7.160399999999999,11.1332,12.320799999999998,8.902899999999999,13.209700000000002,13.5471,7.3034,7.256399999999999,7.1851,12.9813
rumah sakit upt vertikal surabaya,12.6479,8.1492,11.2445,9.9662,10.0969,10.0012,9.9878,19.4599,9.6629,8.6763,12.5871,15.8264,6.6577,3.7299,10.318200000000001,4.9076,12.0202,10.4819,4.167800000000001,7.009399999999999,9.710600000000001,8.5951,4.9728,7.6579,4.7028,14.8074,12.2121,9.748,12.388200000000001,3.9434,3.7393,5.468,17.6079,14.0585,15.567200000000001,15.9988,13.7213,16.6735,4.3354,0.0,13.4837,16.0579,13.5415,18.1765,16.192700000000002,17.1911,12.122,14.584200000000001,15.3178,8.1749,13.7765,16.6125,8.5326,9.728,10.290899999999999,16.5537,14.8605,9.2378,17.890900000000002,15.8275,4.8566,7.968,15.1419,11.7241,16.0308,13.3013,10.124600000000001,10.0775,10.0063,15.8024
rsu bunda surabaya,17.769599999999997,11.198,16.3661,17.444200000000002,11.6545,14.488100000000001,17.465799999999998,9.1648,11.220600000000001,12.0689,14.1448,10.690700000000001,12.9557,15.6083,11.8759,12.6041,17.1418,14.9688,13.5151,14.706,13.0223,11.9876,12.6694,19.5363,16.5812,18.587799999999998,13.7697,6.0768,13.9459,15.8219,15.617799999999999,16.023799999999998,10.5951,8.4046,10.4315,13.4408,13.1693,13.129700000000001,12.5731,13.761299999999999,0.0,17.615599999999997,12.9894,19.734099999999998,17.7503,14.0995,2.4061,16.1418,18.2778,11.8191,16.7365,18.1702,15.286100000000001,11.2856,11.848600000000001,3.9123,16.418200000000002,16.9343,5.2495,17.385099999999998,15.4124,19.8465,16.6996,13.2817,17.5885,18.422900000000002,11.6822,11.635200000000001,11.5639,17.3601
rsia kendangsari,8.812100000000001,9.743,8.821399999999999,10.309,6.7473,6.4139,10.3306,18.8722,6.6216,9.0855,6.5027,15.2388,9.9724,13.205,6.9686,12.0031,8.1843,6.0536,12.450299999999999,12.228399999999999,8.4436,9.004299999999999,12.0684,11.981200000000001,13.0803,7.5774,6.1277,13.442,8.8205,14.7679,14.563799999999999,15.1395,17.0202,13.4709,14.9796,9.6972,7.6481,10.371799999999999,12.8163,13.1059,18.1082,0.0,8.1772,6.173100000000001,1.1762000000000001,10.8894,16.7464,4.9723999999999995,8.8759,8.835700000000001,5.9765,4.5409,8.5436,7.2448999999999995,6.9455,21.1782,2.7889,10.8422,22.5153,2.9939,18.604,17.1609,5.6892,8.1564,3.8413000000000004,9.4655,6.5569,6.5098,6.4386,0.31510000000000005
rumah sakit marinir ewa panggalila,11.7183,7.716399999999999,12.366200000000001,13.4442,5.2348,8.4393,13.4659,10.8125,5.1091999999999995,8.069,6.5511,7.179,8.9558,12.1884,5.4561,9.1225,11.0906,9.0805,10.0335,10.410200000000001,7.4271,7.9877,9.1878,15.834200000000001,12.0637,10.994200000000001,6.1761,6.583,3.7213000000000003,12.184899999999999,11.980799999999999,15.965399999999999,8.9605,5.4111,6.9198,4.2207,0.1886,4.8953999999999995,12.3074,10.1896,12.334200000000001,10.0219,0.0,12.1405,10.1567,5.413,10.9725,3.9084,4.1391,7.8191999999999995,2.5978000000000003,4.5807,11.286200000000001,5.732399999999999,5.433,13.9357,8.8245,12.6385,16.741400000000002,9.7915,15.354,16.144299999999998,9.106,4.701899999999999,9.9948,12.3717,5.7845,4.9974,4.9261,9.766399999999999
rsud eka candrarini,5.667,11.8072,5.6763,7.331,9.9975,7.272,7.352600000000001,22.1225,9.8719,9.786100000000001,8.558,18.489,10.673,13.1315,8.539399999999999,12.703700000000001,5.0392,6.9117,13.1509,10.839799999999999,8.0635,9.7049,12.7689,9.003200000000001,12.3769,3.3346,8.1829,16.6923,12.070799999999998,15.7354,15.5314,15.066,20.2705,16.7211,18.2298,14.5479,12.4988,15.2225,16.0666,16.3562,21.358400000000003,5.4087,14.851799999999999,0.0,6.014399999999999,15.7401,19.9967,9.304200000000002,13.207799999999999,8.9828,10.3083,8.8727,9.4017,10.4951,8.738100000000001,24.4284,7.1207,8.9716,25.7656,7.3258,17.966,9.927299999999999,4.8807,11.406600000000001,4.3145,6.3203000000000005,9.8071,9.7601,9.688799999999999,5.1532
rumah sakit royal surabaya,9.3605,10.3861,9.3699,11.0246,7.3904,7.5371999999999995,11.0462,19.5153,7.2646999999999995,9.7286,7.1458,15.8819,10.6155,13.8481,7.6117,12.6462,8.7328,7.1768,13.093399999999999,12.8715,9.0867,9.6474,12.7114,12.6968,13.7234,7.0282,6.7708,14.0851,9.4636,15.411,15.2069,15.7826,17.6633,14.114,15.6227,10.3403,8.2912,11.014899999999999,13.4594,13.749,18.7513,1.72,8.8203,5.3408,0.0,11.5325,17.3895,5.6155,9.519,9.4788,6.6196,5.184,9.666799999999999,7.888,7.5886000000000005,21.8213,3.432,15.0999,23.1584,3.637,19.2471,17.804,6.812399999999999,8.7995,4.9645,10.0139,7.2,7.1529,7.0817,1.4645
rsia graha medika,15.4093,11.9214,16.057100000000002,17.1352,8.9257,12.1302,17.1568,8.860700000000001,8.8001,11.7599,10.2421,2.8155,12.646799999999999,15.8794,9.1471,14.2173,14.7815,12.7714,15.1283,14.1011,11.118,11.678700000000001,14.2826,19.5251,15.754700000000001,14.6851,9.867,7.3914,7.4121999999999995,21.715799999999998,21.5117,20.1178,3.9588,5.7055,4.968,1.9462000000000002,6.213100000000001,1.6351,16.459799999999998,17.6481,13.1223,15.7156,6.7421999999999995,15.8314,15.8504,0.0,11.7605,7.5993,7.830100000000001,11.5101,6.2888,8.271600000000001,14.9771,9.4233,9.123899999999999,11.9839,13.9771,16.3295,15.7934,15.4852,19.5065,19.8353,12.796899999999999,9.8862,13.685799999999999,16.0627,8.735299999999999,8.6883,8.6171,15.4601
rumah sakit muji rahayu,15.3873,8.8158,13.983799999999999,15.0619,9.2723,12.1059,15.0836,9.506,8.838299999999998,9.6866,11.7625,8.3085,10.5735,13.2261,9.4936,10.2219,14.7596,12.5866,11.1328,12.3237,10.6401,9.6054,10.2871,17.1541,14.199,16.2056,11.3875,3.6945,11.563600000000001,13.4396,13.2356,13.6415,6.707199999999999,6.022399999999999,8.0493,11.0585,10.7871,10.747399999999999,10.1908,11.379,3.1199,15.2333,10.6072,17.3519,15.3681,11.7173,0.0,13.7596,15.8955,9.4369,14.3542,15.7879,12.903799999999999,8.9034,9.466299999999999,6.19,14.0359,14.552100000000001,7.527100000000001,15.0029,13.0302,17.4642,14.3173,10.8995,15.2062,16.0407,9.3,9.2529,9.181700000000001,14.977799999999998
rumah sakit islam surabaya,8.6625,5.1707,8.7919,9.87,2.175,4.8651,9.8917,14.3,2.0494,4.4947,1.9119000000000002,10.6665,5.381600000000001,8.6142,2.3964000000000003,7.4123,8.0348,5.5062,7.8595,7.6377,3.8529,4.4135,7.477600000000001,12.26,8.4895,6.6208,1.5369000000000002,8.8698,4.2483,10.177100000000001,9.9731,10.5487,12.448,8.8986,10.4073,6.7253,4.6763,7.4,8.2441,8.533700000000001,13.5359,5.3827,7.0293,7.7671,5.5175,7.9176,12.1742,0.0,5.2495,4.245,3.3647,5.937399999999999,7.7119,2.6726,2.3731999999999998,16.605900000000002,4.1853,9.866,17.943099999999998,5.1523,14.0317,12.5701,4.732600000000001,3.5841,5.6215,9.3159,1.9846,1.9376,1.8662999999999998,5.1273
rsia cempaka putih permata,13.0765,9.203700000000001,14.5298,15.607899999999999,6.208,10.603,15.6296,14.4807,6.0824,10.232700000000001,7.6498,9.3278,11.1195,14.3521,6.4293000000000005,13.1502,12.448799999999999,11.244200000000001,13.5974,13.3756,9.5908,10.151399999999999,13.2155,17.9979,14.2274,12.3587,7.2748,10.251299999999999,4.6944,15.915,15.711,16.2866,10.4711,9.0794,10.5881,5.8323,3.7832,6.5069,12.277,12.566600000000001,16.0025,5.6745,4.3123000000000005,10.8061,5.8093,7.0245,14.6407,4.6373,0.0,9.982899999999999,3.3266999999999998,3.1513,13.4498,6.7056000000000004,6.4062,17.604,3.936,15.6039,20.409599999999998,5.444100000000001,18.064700000000002,18.308,10.4705,5.861800000000001,11.359399999999999,13.729899999999999,6.017600000000001,5.9705,5.8993,5.4191
rsia lombok dua dua surabaya,6.7969,3.4219,5.3935,6.4716000000000005,3.5535,3.5155,6.4932,15.0048,3.1195999999999997,1.0963,5.671600000000001,11.3714,1.9830999999999999,5.2158,2.869,4.0138,6.1692,3.9962,4.461,4.239199999999999,2.1306,1.015,4.0790999999999995,8.8615,5.0911,8.8128,5.2965,7.6728000000000005,4.9531,6.7787,6.5746,7.1502,13.1528,9.6035,11.112200000000001,9.8887,7.914,10.5633,6.3823,6.512899999999999,12.338899999999999,9.1417,7.7341999999999995,10.8713,9.276399999999999,11.0809,10.9772,7.668,8.7744,0.0,8.300799999999999,9.696299999999999,4.3135,3.1846,2.8417,15.4089,7.9443,6.4676,16.7461,8.911200000000001,10.0502,9.1716,7.8368,4.289,8.725700000000002,7.4503,3.5812,3.5342,3.4629000000000003,8.8862
rsu bhakti rahayu,10.8885,7.3966,11.0179,12.0959,4.4009,7.091,12.1176,13.105,4.2753000000000005,6.7207,4.137899999999999,7.952100000000001,7.6075,10.8401,4.6223,9.638200000000001,10.2608,7.7322,10.0854,9.8636,6.0788,6.639399999999999,9.7035,14.485899999999999,10.715399999999999,8.8467,3.7628000000000004,8.8755,3.3186999999999998,12.4031,12.199,12.7746,9.0954,7.703600000000001,9.212299999999999,4.4565,2.4075,5.1312,10.47,10.7596,15.7618,7.6087,2.9366,9.9931,7.743399999999999,5.6488000000000005,14.4001,2.0954,2.9892,6.470899999999999,0.0,2.0547,9.937899999999999,4.8986,4.5991,16.2282,3.8651,12.091899999999999,20.169,7.3782,16.2576,14.796,6.9585,4.4861,7.8473999999999995,11.5419,4.2105,4.1635,4.0923,7.3532
rumah sakit mata masyarakat jawa timur,11.4366,7.931100000000001,11.566,12.644,4.9354,7.6391,12.665700000000001,17.0604,4.8098,7.268800000000001,4.686,9.7797,8.1556,11.388200000000001,5.1568000000000005,10.1863,10.8089,8.280299999999999,10.6335,10.411700000000002,6.6269,7.1875,10.2516,15.034,11.2636,9.3949,4.310899999999999,11.6302,7.0087,12.9512,12.7471,13.322700000000001,10.923,11.659,13.1677,6.2841000000000005,4.2351,6.9588,11.0045,11.2941,16.2963,3.7232,4.7642,10.5412,3.858,7.4764,14.9346,3.1555999999999997,3.4393000000000002,7.019,1.978,0.0,10.486,5.433,5.1336,19.3663,1.9847000000000001,12.64,20.7035,3.4928000000000003,16.792099999999998,15.344100000000001,7.506600000000001,6.3445,8.3955,12.09,4.745,4.698,4.6267,3.4677
rsud dr. soetomo,6.1163,4.581899999999999,4.7128000000000005,4.8107,6.2253,2.8348,4.8324,17.676599999999997,5.791399999999999,3.7681,7.4833,14.0432,1.7426,4.9753,5.0679,3.7733000000000003,5.4885,3.2218,4.2205,2.1395999999999997,3.0921999999999996,3.6868000000000003,3.8386,6.4829,4.8506,8.2757,7.1083,10.3446,7.624899999999999,6.5382,6.3341,6.9097,15.8247,12.2753,13.784,12.5605,10.585899999999999,13.235100000000001,6.1418,6.272399999999999,15.0107,8.1872,10.406,9.4694,11.0882,13.752799999999999,13.649,9.479700000000001,11.446299999999999,3.2666999999999997,9.6008,11.508,0.0,5.8564,5.5135,18.0808,9.756,3.043,19.417900000000003,10.723,9.809700000000001,6.5063,6.4349,6.9608,7.3238,6.7696000000000005,6.253,6.206,6.1348,10.697899999999999
rumah sakit william booth surabaya,7.2639,4.4975,7.9117,8.989799999999999,0.7803,3.9848000000000003,9.0114,12.737,0.4864,3.6145,2.8842,9.1035,4.501399999999999,7.734,1.0017,5.9036,6.6362,4.626,6.8146,5.9557,2.9726,3.5333,5.9689,11.3798,7.6093,7.3271999999999995,2.5092,7.3068,2.6853000000000002,8.966,8.761899999999999,9.6685,10.885,7.3356,8.844299999999999,6.729100000000001,5.646199999999999,7.4037,6.681100000000001,6.9707,11.9729,6.355,5.4663,8.4735,6.4897,7.9213000000000005,10.6112,4.8812,5.6148,3.3647,4.0735,6.9096,6.8317,0.0,0.9786,15.0429,5.1576,8.1841,16.3801,6.1245,12.4687,11.6899,5.439,2.0211,6.3279,7.9173,0.42160000000000003,0.37460000000000004,0.3033,6.0995
rsau soemitro,6.5046,4.9705,7.152399999999999,8.2305,1.9615,3.2256,8.2521,14.0865,0.9592999999999999,2.8552,2.9204,10.453100000000001,3.7420999999999998,6.9746999999999995,0.2505,5.7728,5.8769,3.8667,6.22,5.9982,2.2134,2.774,5.838100000000001,10.6205,6.85,7.241899999999999,2.5454,7.7797,4.034800000000001,8.537600000000001,8.3335,8.9092,12.2345,8.6851,10.1938,8.0786,6.9957,8.753200000000001,7.154,7.4436,12.445799999999998,6.3911999999999995,6.8158,8.388200000000001,6.5259,9.2709,11.084100000000001,4.9174,6.7184,2.6055,4.8335,6.9458,6.0724,1.0007000000000001,0.0,15.5159,5.1938,8.2265,16.853,6.160699999999999,11.8091,10.9306,5.3537,3.3707,6.2426,7.158,1.7711,1.7241,1.6529,6.1357
rsud bhakti dharma husada,21.759,15.1875,20.3556,21.4337,15.644,18.4776,21.455299999999998,6.1952,15.2101,16.0584,18.1343,10.3324,16.9452,19.5978,15.8654,16.5936,21.1313,18.958299999999998,17.5046,18.695400000000003,17.0118,15.9771,16.658900000000003,23.5258,20.570700000000002,22.5773,17.7592,10.0662,17.9354,19.811400000000003,19.6073,20.0133,7.6255,10.319,7.3688,13.0824,14.7404,12.7713,16.5626,17.750799999999998,4.2583,21.6051,14.5605,23.723599999999998,21.7398,13.741200000000001,6.3956,20.1313,18.691,15.8086,17.1497,22.1597,19.275599999999997,15.2751,15.838,0.0,20.407700000000002,20.9238,4.7521,21.374599999999997,19.4019,23.836,20.6891,14.4997,21.578,22.4124,15.671700000000001,15.6247,15.5534,21.3496
rumah sakit bhayangkara hs samsoeri mertojoso,11.0379,7.5324,11.1673,12.2454,4.5368,7.240399999999999,12.267,16.6617,4.4111,6.870100000000001,4.2873,13.0283,7.757,10.989600000000001,4.758100000000001,9.787700000000001,10.410200000000001,7.881600000000001,10.2349,10.013,6.2282,6.7889,9.853,14.635399999999999,10.8649,8.9962,3.9123,11.2315,6.61,12.5525,12.3484,12.924100000000001,14.809700000000001,11.260399999999999,12.7691,7.4818,5.4327,8.1564,10.605799999999999,10.8954,15.8976,4.2127,5.9618,10.1425,4.3473999999999995,8.674,14.5359,2.757,5.491899999999999,6.6203,3.7611,2.3255,10.087299999999999,5.0344,4.735,18.9677,0.0,12.2414,20.3048,3.9821999999999997,16.3935,14.9455,7.108,5.9459,7.996899999999999,11.6913,4.3464,4.299300000000001,4.2281,3.9572
waron hospital,5.719399999999999,6.0622,4.316,3.0376999999999996,7.7056000000000004,5.2025,3.0593000000000004,19.1569,7.2717,5.248399999999999,9.8237,15.5235,3.2229,4.949199999999999,7.021100000000001,3.7473,5.0916999999999994,5.3919,4.1944,3.1041999999999996,5.3095,5.1672,3.8125,3.235,4.8245,7.8789,9.4486,11.8249,9.1052,6.5121,6.308,6.8836,17.305,13.755600000000001,15.264299999999999,14.040799999999999,12.0662,14.7155,6.1156999999999995,6.2463,16.988799999999998,13.2938,11.886299999999999,9.434899999999999,13.428600000000001,15.2331,15.6271,11.8201,12.9266,4.747,12.4529,13.8484,3.2066,7.3366999999999996,6.9938,20.058799999999998,12.0964,0.0,21.3959,13.0634,9.7836,4.1591000000000005,8.6051,8.4411,9.3221,6.3728,7.7333,7.6863,7.6151,13.0383
rumah sakit islam darus syifa',22.4817,15.910200000000001,21.0783,22.1564,16.3667,19.2003,22.178,10.446299999999999,15.932799999999999,16.7811,18.857,15.402899999999999,17.667900000000003,20.3205,16.588099999999997,17.3163,21.854,19.681,18.2273,19.4181,17.7345,16.6998,17.3816,24.2485,21.293400000000002,23.3,18.481900000000003,10.7889,18.658099999999997,20.5341,20.33,20.736,11.8766,13.1168,11.6198,18.152900000000002,17.8815,17.8418,17.2852,18.4735,4.981,22.3278,17.7016,24.4463,22.4625,18.811700000000002,7.1183000000000005,20.854,22.99,16.531299999999998,21.448700000000002,22.8824,19.9983,15.9978,16.5607,5.1938,21.1304,21.6465,0.0,22.0973,20.124599999999997,24.5587,21.4118,17.9939,22.3007,23.135099999999998,16.3944,16.3474,16.2761,22.0723
rumah sakit islam jemursari surabaya,8.8846,7.608899999999999,8.8939,10.3815,4.6132,6.4864,10.4031,16.7382,4.4876000000000005,6.9686,4.385800000000001,13.1048,7.8555,11.0881,4.8346,9.8862,8.2568,6.1261,10.3334,10.111600000000001,7.2779,6.8873999999999995,9.9515,12.053700000000001,10.9634,7.6499,4.010800000000001,11.308,6.6865,12.651,12.4469,13.0226,14.8862,11.336799999999998,12.8455,7.573600000000001,5.5246,8.248299999999999,10.6823,10.9719,15.9741,4.173,6.0537,8.7962,4.3077,8.7659,14.6124,2.8488,9.9809,6.7189,3.8529,5.6458,8.616100000000001,5.1108,4.8114,19.0441,3.8938,10.9147,20.3813,0.0,16.469900000000003,12.977799999999998,5.761699999999999,6.022399999999999,6.650600000000001,9.5379,4.4228000000000005,4.3758,4.304600000000001,3.9175
rumah sakit phc surabaya,14.616299999999999,9.624600000000001,13.2128,11.9345,11.5722,11.987,11.9562,21.3706,11.138200000000001,10.6621,14.0624,17.7372,9.9383,6.0312,11.7935,7.009399999999999,13.9886,12.4677,6.2696000000000005,9.8329,11.696399999999999,10.5809,7.0747,9.6262,6.6711,16.7757,13.6874,11.658700000000001,13.8635,5.3245,5.1204,3.7265,19.5187,15.969299999999999,17.478,17.909599999999998,15.632100000000001,18.5843,6.781899999999999,5.6475,14.959,17.5332,15.452200000000001,19.651799999999998,17.668,19.1019,13.597299999999999,16.0595,16.7931,10.1607,15.2518,18.087799999999998,10.856,11.203299999999999,11.766200000000001,18.0291,16.3358,11.5611,19.3662,17.302799999999998,0.0,9.9363,16.6172,13.199399999999999,17.5061,15.2697,11.5999,11.5528,11.4816,17.2777
rumah sakit mitra keluarga kenjeran,5.543399999999999,9.6852,4.1399,2.8615999999999997,11.2681,6.6967,2.8833,22.7194,10.834200000000001,8.8109,13.3861,19.086,8.0871,4.1799,10.5836,6.2106,4.9156,6.886100000000001,5.3564,6.041399999999999,7.6245,8.7296,6.2759,0.5532999999999999,3.4253,7.7028,13.0111,14.1921,12.6677,6.7839,6.5798000000000005,6.1144,20.8674,17.318099999999998,18.8268,17.6033,15.6286,18.277900000000002,7.2776000000000005,7.4083000000000006,18.1508,11.8515,15.448799999999999,9.258799999999999,16.991,18.7955,16.789,15.3826,16.489,8.3095,16.0154,17.4109,5.276800000000001,10.8992,10.556299999999998,21.2208,15.6589,3.0791999999999997,22.5579,16.625799999999998,9.0144,0.0,9.712299999999999,12.0036,9.146,6.1968000000000005,11.2958,11.2488,11.1775,16.6008
rs premier surabaya,5.8765,8.5205,5.885800000000001,7.5405,6.9135,3.9853,7.5621,19.0385,5.961600000000001,6.4994,6.7883000000000004,15.405100000000001,7.3863,10.6189,5.2527,9.417,5.2486999999999995,3.625,9.8642,7.553100000000001,4.776800000000001,6.4182,9.482299999999999,9.2127,10.494200000000001,3.5442,6.4133000000000004,12.7714,8.986799999999999,12.181799999999999,11.9777,12.5534,17.1865,13.6372,15.1458,12.7782,10.7292,13.4529,11.7854,11.916,17.4375,5.6533,11.7678,4.6905,8.091899999999999,13.9705,16.0758,8.7847,11.3024,5.6961,9.4176,9.43,6.115,6.0028999999999995,5.4514,20.5076,7.678,9.1811,21.8447,7.692,15.453299999999999,10.1368,0.0,8.322700000000001,2.5448000000000004,6.5299,6.7231000000000005,6.6761,6.6049,5.9683
mayapada hospital,8.3786,5.572100000000001,9.026399999999999,10.1045,1.8951,5.099600000000001,10.1262,11.7482,1.5609000000000002,4.7292,3.9989,8.1147,5.6161,8.848700000000001,2.1164,6.9781,7.7509,5.7406999999999995,7.8891,7.0705,4.0874,4.648,7.043399999999999,12.4945,8.724,8.4419,3.6239,8.3813,1.6965,10.0405,9.8364,10.7832,9.8962,6.3468,7.8555,6.7301,4.6574,7.4048,7.7556,8.0452,13.0474,7.4697,4.4775,9.588299999999998,7.6045,7.9224,11.6857,5.996,5.6159,4.4795,4.0746,8.0243,7.9464,2.1841999999999997,2.0933,16.1175,6.2723,9.2988,17.4546,7.2393,13.5432,12.8046,6.5537,0.0,7.4426000000000005,9.032,1.0937000000000001,1.4490999999999998,1.2119000000000002,7.2142
rumah sakit universitas surabaya,7.0092,9.715200000000001,7.0185,8.673200000000001,7.9055,5.18,8.6949,20.0304,7.7798,7.694100000000001,6.4658999999999995,16.397,8.5809,11.8135,6.4474,10.611600000000001,6.3815,4.8196,11.0588,8.7477,5.9714,7.6128,10.6769,10.3454,11.688799999999999,4.6769,6.0908999999999995,14.600200000000001,9.9787,13.3764,13.1724,13.748,18.1784,14.629100000000001,16.1378,12.4558,10.4067,13.1305,13.9745,14.264100000000001,19.2664,3.2217,12.759799999999998,3.8861999999999997,4.398,13.648100000000001,17.9046,8.462299999999999,10.98,6.8908000000000005,9.0951,7.4981,7.3096000000000005,8.4031,6.646,22.3364,5.7461,9.6082,23.6735,5.7601,16.6479,11.2695,2.7887,9.3146,0.0,7.6626,7.7151000000000005,7.668,7.5968,3.5368000000000004
rsgm nala husada,0.8091,9.4039,2.6665,4.3212,9.5355,4.5104,4.3428,20.9868,9.1015,7.0782,10.4665,17.3534,7.9651000000000005,10.1217,7.2156,9.9958,1.5224000000000002,3.841,10.443,8.1203,5.4382,6.997,10.0611,5.993399999999999,9.3671,4.7799,10.0915,13.6547,10.9351,12.7256,12.521600000000001,12.0562,19.1348,15.5854,17.094099999999997,15.8706,13.896,16.5453,12.3642,12.4949,18.3209,9.3315,13.7161,6.3359,11.770100000000001,17.062900000000003,16.9592,12.463,14.7564,6.275,13.095799999999999,13.1082,6.6822,9.1666,8.8236,21.390900000000002,11.356200000000001,5.9618,22.728,11.370299999999999,14.956100000000001,6.9175,6.7893,10.271,6.2231000000000005,0.0,9.5632,9.5161,9.4449,9.646600000000001
klinik gigi rkz,7.285,4.4784,7.9328,9.0109,0.8014,4.0059000000000005,9.0325,12.315299999999999,0.4673,3.6355999999999997,2.9053,8.681899999999999,4.522399999999999,7.7551000000000005,1.0228,5.8845,6.6572,4.6471,6.7955,5.9768,2.9937,3.5543,5.9498,11.400799999999998,7.6304,7.3483,2.5302,7.2876,2.2636,8.9468,8.742799999999999,9.6895,10.4634,6.914,8.4227,6.3073999999999995,5.224600000000001,6.9821,6.662,6.9515,11.9538,6.3761,5.0447,8.4946,6.510800000000001,7.4997,10.5921,4.9023,5.1932,3.3858,3.6519,6.9307,6.8528,1.0905,0.9996,15.0238,5.1787,8.2051,16.3609,6.1456,12.4496,11.711,5.460100000000001,1.5995,6.349,7.9384,0.0,0.3555,0.1183,6.1206000000000005
rs katolik vincentius a poli,7.0462,4.1229,7.694,8.7721,0.5626,3.7671,8.793700000000001,13.447,0.1118,3.3968000000000003,3.5942,9.813600000000001,4.2837,7.5163,0.784,5.529,6.418399999999999,4.4083000000000006,6.44,5.738,2.7549,3.3156,5.5943000000000005,11.162,7.3916,8.0372,3.2192,6.9322,3.3953,8.5914,8.3873,9.4508,11.595,8.0457,9.5544,7.439100000000001,6.356199999999999,8.1138,6.3065,6.596100000000001,11.5983,7.065,6.1763,9.1836,7.1998,8.6314,10.236600000000001,5.5913,6.3248999999999995,3.147,4.783600000000001,7.6196,6.614,0.735,0.7567,14.668299999999999,5.8676,8.7681,16.0055,6.8346,12.094100000000001,11.4722,6.149,2.7312,7.0379,7.6996,1.1317000000000002,0.0,1.0134,6.8095
klinik umum dan spesialis ciliwung 26,7.1667,4.3601,7.8145,8.8926,0.6831,3.8876,8.914200000000001,12.4336,0.349,3.5173,2.787,8.8002,4.4041999999999994,7.6368,0.9045,5.7661999999999995,6.539,4.5288,6.6772,5.8585,2.8754,3.4360999999999997,5.8315,11.2826,7.5121,7.23,2.412,7.1693999999999996,2.3819,8.8286,8.6245,9.571299999999999,10.5816,7.0323,8.541,6.4257,5.342899999999999,7.1004,6.543699999999999,6.8333,11.8355,6.2578000000000005,5.163,8.376299999999999,6.3925,7.618,10.473799999999999,4.784,5.3115,3.2675,3.7702,6.812399999999999,6.7345,0.9722000000000001,0.8814,14.9055,5.0604,8.0869,16.2427,6.0273,12.331299999999999,11.5927,5.3418,1.7178,6.2307,7.8201,0.1183,0.2372,0.0,6.0023
PT Mulya Husada Jaya,8.9771,9.4279,8.9865,10.474,6.4322,6.579,10.495700000000001,18.5571,6.3066,8.7704,6.187600000000001,14.9237,9.6573,12.889899999999999,6.6535,11.688,8.3494,6.2186,12.135200000000001,11.9134,8.1286,8.689200000000001,11.7533,12.1462,12.7652,7.5454,5.812600000000001,13.1269,8.5054,14.4528,14.248700000000001,14.824399999999999,16.7052,13.1558,14.6645,9.382100000000001,7.333,10.056700000000001,12.5012,12.790799999999999,17.7931,0.7617999999999999,7.862100000000001,5.858,0.8612000000000001,10.574399999999999,16.4313,4.6573,8.5609,8.520700000000001,5.6613999999999995,4.2258000000000004,8.7087,6.9298,6.6304,20.8631,2.4738,14.1417,22.200200000000002,2.6789,18.2889,16.8458,5.8543,7.8413,4.0063,9.6305,6.2418000000000005,6.1947,6.1235,0.0
